"","Month","Year","Autonomous.Community","Relation","Victim.Age","Agressor.Age","Previous.Abuse.Report","Living.Together"
"1","January",2003,"Andalucía","Partner","41-50 years","51-64 years","Unknown","Yes"
"2","January",2003,"Andalucía","Partner","75-84 years","75-84 years","Unknown","Yes"
"3","January",2003,"Andalucía","Partner","21-30 years","Unknown","Unknown","Yes"
"4","January",2003,"Canarias","Partner","31-40 years","Unknown","Unknown","Yes"
"5","January",2003,"Cataluña","Ex-partner","31-40 years","Unknown","Unknown","No"
"6","January",2003,"Cataluña","Partner","31-40 years","51-64 years","Unknown","Yes"
"7","January",2003,"Cataluña","Partner","Unknown","31-40 years","Unknown","Yes"
"8","January",2003,"La Rioja","Partner","31-40 years","31-40 years","Unknown","Yes"
"9","February",2003,"Andalucía","Partner","75-84 years","65-74 years","Unknown","Yes"
"10","February",2003,"Cataluña","Partner","21-30 years","Unknown","Unknown","Yes"
"11","February",2003,"Galicia","Partner","65-74 years","65-74 years","Unknown","Yes"
"12","February",2003,"La Rioja","Ex-partner","21-30 years","31-40 years","Unknown","No"
"13","March",2003,"Andalucía","Partner","31-40 years","51-64 years","Unknown","Yes"
"14","March",2003,"Andalucía","Ex-partner","21-30 years","Unknown","Unknown","No"
"15","March",2003,"Andalucía","Ex-partner","31-40 years","Unknown","Unknown","No"
"16","March",2003,"Galicia","Partner","41-50 years","41-50 years","Unknown","Yes"
"17","March",2003,"Comunidad de Madrid","Partner","65-74 years","65-74 years","Unknown","Yes"
"18","March",2003,"Región de Murcia","Partner","21-30 years","Unknown","Unknown","Yes"
"19","April",2003,"Canarias","Partner","21-30 years","21-30 years","Unknown","Yes"
"20","April",2003,"Cataluña","Partner","41-50 years","Unknown","Unknown","Yes"
"21","April",2003,"Comunidad Valenciana","Partner","Unknown","Unknown","Unknown","Yes"
"22","April",2003,"Comunidad Valenciana","Partner","31-40 years","31-40 years","Unknown","Yes"
"23","April",2003,"Comunidad Foral de Navarra","Partner","31-40 years","41-50 years","Unknown","Yes"
"24","May",2003,"Aragón","Partner","21-30 years","Unknown","Unknown","Yes"
"25","May",2003,"Castilla - La Mancha","Partner","41-50 years","Unknown","Unknown","Yes"
"26","May",2003,"Cataluña","Partner","31-40 years","Unknown","Unknown","Yes"
"27","May",2003,"Cataluña","Ex-partner","41-50 years","Unknown","Unknown","No"
"28","May",2003,"Comunidad Valenciana","Partner","21-30 years","Unknown","Unknown","Yes"
"29","May",2003,"Galicia","Partner","31-40 years","Unknown","Unknown","Yes"
"30","June",2003,"Aragón","Partner","31-40 years","Unknown","Unknown","Yes"
"31","June",2003,"Principado de Asturias","Partner","Unknown","Unknown","Unknown","Yes"
"32","June",2003,"Castilla y León","Ex-partner","41-50 years","Unknown","Unknown","No"
"33","June",2003,"Cataluña","Ex-partner","51-64 years","41-50 years","Unknown","No"
"34","June",2003,"Cataluña","Partner","65-74 years","65-74 years","Unknown","Yes"
"35","June",2003,"Galicia","Partner","31-40 years","31-40 years","Unknown","Yes"
"36","June",2003,"Región de Murcia","Partner","31-40 years","Unknown","Unknown","Yes"
"37","June",2003,"Ceuta","Partner","31-40 years","31-40 years","Unknown","Yes"
"38","July",2003,"Islas Baleares","Partner","41-50 years","Unknown","Unknown","Yes"
"39","July",2003,"Cantabria","Partner","31-40 years","31-40 years","Unknown","Yes"
"40","July",2003,"Castilla - La Mancha","Partner","21-30 years","Unknown","Unknown","Yes"
"41","July",2003,"Cataluña","Partner","31-40 years","Unknown","Unknown","Yes"
"42","July",2003,"Cataluña","Partner","Unknown","31-40 years","Unknown","Yes"
"43","July",2003,"Comunidad Valenciana","Partner","Unknown","Unknown","Unknown","Yes"
"44","July",2003,"Galicia","Ex-partner","31-40 years","Unknown","Unknown","No"
"45","July",2003,"Comunidad de Madrid","Partner","41-50 years","Unknown","Unknown","Yes"
"46","August",2003,"Islas Baleares","Partner","51-64 years","51-64 years","Unknown","Yes"
"47","August",2003,"Islas Baleares","Partner","51-64 years","Unknown","Unknown","Yes"
"48","August",2003,"Canarias","Partner","31-40 years","31-40 years","Unknown","Yes"
"49","August",2003,"Canarias","Partner","Unknown","Unknown","Unknown","Yes"
"50","August",2003,"Castilla y León","Partner","65-74 years","Unknown","Unknown","Yes"
"51","August",2003,"Cataluña","Ex-partner","31-40 years","Unknown","Unknown","No"
"52","August",2003,"Comunidad Valenciana","Ex-partner","18-20 years","Unknown","Unknown","No"
"53","August",2003,"Comunidad de Madrid","Partner","41-50 years","51-64 years","Unknown","Yes"
"54","September",2003,"Andalucía","Partner",">85 years",">85 years","Unknown","Yes"
"55","September",2003,"Andalucía","Partner","41-50 years","41-50 years","Unknown","Yes"
"56","September",2003,"Principado de Asturias","Ex-partner","21-30 years","Unknown","Unknown","No"
"57","September",2003,"Comunidad Valenciana","Ex-partner","21-30 years","31-40 years","Unknown","No"
"58","October",2003,"Extremadura","Partner","31-40 years","31-40 years","Unknown","Yes"
"59","October",2003,"Región de Murcia","Partner","21-30 years","Unknown","Unknown","Yes"
"60","November",2003,"Andalucía","Ex-partner","21-30 years","Unknown","Unknown","No"
"61","November",2003,"Andalucía","Partner","41-50 years","51-64 years","Unknown","Yes"
"62","November",2003,"Andalucía","Partner","31-40 years","Unknown","Unknown","Yes"
"63","November",2003,"Andalucía","Partner","31-40 years","41-50 years","Unknown","Yes"
"64","November",2003,"Islas Baleares","Partner","31-40 years","Unknown","Unknown","Yes"
"65","November",2003,"Canarias","Ex-partner","41-50 years","51-64 years","Unknown","No"
"66","November",2003,"Castilla y León","Ex-partner","51-64 years","Unknown","Unknown","No"
"67","November",2003,"Castilla y León","Partner","41-50 years","41-50 years","Unknown","Yes"
"68","November",2003,"Comunidad Valenciana","Partner","41-50 years","51-64 years","Unknown","Yes"
"69","December",2003,"Canarias","Ex-partner","31-40 years","41-50 years","Unknown","No"
"70","December",2003,"Comunidad de Madrid","Partner","21-30 years","41-50 years","Unknown","Yes"
"71","December",2003,"Comunidad de Madrid","Partner","31-40 years","41-50 years","Unknown","Yes"
"72","January",2004,"Islas Baleares","Ex-partner","31-40 years","41-50 years","Unknown","No"
"73","January",2004,"Extremadura","Partner","75-84 years","75-84 years","Unknown","Yes"
"74","February",2004,"Andalucía","Partner","21-30 years","21-30 years","Unknown","Yes"
"75","February",2004,"Andalucía","Partner","75-84 years","Unknown","Unknown","Yes"
"76","February",2004,"Islas Baleares","Partner","31-40 years","21-30 years","Unknown","Yes"
"77","February",2004,"Comunidad de Madrid","Partner","21-30 years","31-40 years","Unknown","Yes"
"78","February",2004,"País Vasco","Partner","31-40 years","31-40 years","Unknown","Yes"
"79","March",2004,"Andalucía","Partner","21-30 years","31-40 years","Unknown","Yes"
"80","March",2004,"Andalucía","Ex-partner","31-40 years","31-40 years","Unknown","No"
"81","March",2004,"Andalucía","Partner","41-50 years","Unknown","Unknown","Yes"
"82","March",2004,"Aragón","Partner","21-30 years","21-30 years","Unknown","Yes"
"83","March",2004,"Canarias","Partner","51-64 years","65-74 years","Unknown","Yes"
"84","March",2004,"Cataluña","Partner","31-40 years","31-40 years","Unknown","Yes"
"85","April",2004,"Andalucía","Partner","75-84 years","75-84 years","Unknown","Yes"
"86","April",2004,"Andalucía","Partner","21-30 years","31-40 years","Unknown","Yes"
"87","April",2004,"Castilla - La Mancha","Partner","Unknown","Unknown","Unknown","Yes"
"88","April",2004,"Comunidad Valenciana","Ex-partner","Unknown","41-50 years","Unknown","No"
"89","April",2004,"Comunidad de Madrid","Partner","41-50 years","41-50 years","Unknown","Yes"
"90","April",2004,"Comunidad de Madrid","Partner","51-64 years","Unknown","Unknown","Yes"
"91","May",2004,"Andalucía","Partner","18-20 years","21-30 years","Unknown","No"
"92","May",2004,"Andalucía","Ex-partner","18-20 years","21-30 years","Unknown","No"
"93","May",2004,"Aragón","Partner","51-64 years","65-74 years","Unknown","Yes"
"94","May",2004,"Castilla y León","Partner","75-84 years","75-84 years","Unknown","Yes"
"95","May",2004,"Castilla - La Mancha","Partner","21-30 years","Unknown","Unknown","Yes"
"96","May",2004,"Cataluña","Partner","31-40 years","Unknown","Unknown","Yes"
"97","May",2004,"Cataluña","Partner","<16 years","18-20 years","Unknown","No"
"98","May",2004,"Comunidad Valenciana","Partner","51-64 years","51-64 years","Unknown","Yes"
"99","June",2004,"Andalucía","Partner","41-50 years","Unknown","Unknown","Yes"
"100","June",2004,"Andalucía","Partner","51-64 years","65-74 years","Unknown","Yes"
"101","June",2004,"Comunidad Valenciana","Ex-partner","18-20 years","21-30 years","Unknown","No"
"102","June",2004,"Comunidad Valenciana","Partner","65-74 years","65-74 years","Unknown","Yes"
"103","June",2004,"Comunidad Valenciana","Partner","65-74 years","Unknown","Unknown","Yes"
"104","June",2004,"Comunidad Foral de Navarra","Ex-partner","51-64 years","65-74 years","Unknown","No"
"105","July",2004,"Andalucía","Ex-partner","31-40 years","41-50 years","Unknown","No"
"106","July",2004,"Andalucía","Partner","31-40 years","31-40 years","Unknown","Yes"
"107","July",2004,"Canarias","Partner","31-40 years","Unknown","Unknown","Yes"
"108","July",2004,"Cataluña","Ex-partner","41-50 years","41-50 years","Unknown","No"
"109","July",2004,"Comunidad de Madrid","Partner","65-74 years","75-84 years","Unknown","Yes"
"110","July",2004,"Región de Murcia","Partner","<16 years","18-20 years","Unknown","No"
"111","July",2004,"Región de Murcia","Partner","31-40 years","31-40 years","Unknown","Yes"
"112","August",2004,"Andalucía","Ex-partner","41-50 years","Unknown","Unknown","No"
"113","August",2004,"Cantabria","Partner","31-40 years","31-40 years","Unknown","Yes"
"114","August",2004,"Castilla - La Mancha","Ex-partner","31-40 years","41-50 years","Unknown","No"
"115","August",2004,"Cataluña","Partner","51-64 years","51-64 years","Unknown","Yes"
"116","August",2004,"Comunidad Valenciana","Partner","31-40 years","Unknown","Unknown","Yes"
"117","August",2004,"Comunidad de Madrid","Partner","21-30 years","31-40 years","Unknown","No"
"118","September",2004,"Andalucía","Partner","75-84 years","75-84 years","Unknown","Yes"
"119","September",2004,"Cantabria","Ex-partner","31-40 years","31-40 years","Unknown","No"
"120","September",2004,"Castilla y León","Partner","31-40 years","31-40 years","Unknown","Yes"
"121","September",2004,"Cataluña","Ex-partner","Unknown","Unknown","Unknown","No"
"122","September",2004,"Cataluña","Partner","18-20 years","21-30 years","Unknown","Yes"
"123","September",2004,"Cataluña","Partner",">85 years",">85 years","Unknown","Yes"
"124","September",2004,"País Vasco","Ex-partner","21-30 years","21-30 years","Unknown","No"
"125","October",2004,"Andalucía","Ex-partner","31-40 years","Unknown","Unknown","No"
"126","October",2004,"Andalucía","Partner","31-40 years","21-30 years","Unknown","No"
"127","October",2004,"Andalucía","Partner","51-64 years","51-64 years","Unknown","Yes"
"128","October",2004,"Cataluña","Partner","<16 years","31-40 years","Unknown","No"
"129","October",2004,"Comunidad Valenciana","Partner","41-50 years","21-30 years","Unknown","Yes"
"130","October",2004,"Región de Murcia","Partner","41-50 years","41-50 years","Unknown","Yes"
"131","October",2004,"La Rioja","Partner","65-74 years","65-74 years","Unknown","Yes"
"132","November",2004,"Andalucía","Partner","18-20 years","21-30 years","Unknown","Yes"
"133","November",2004,"Comunidad Valenciana","Partner","51-64 years","Unknown","Unknown","Yes"
"134","November",2004,"Comunidad Valenciana","Ex-partner","41-50 years","Unknown","Unknown","No"
"135","November",2004,"País Vasco","Ex-partner","Unknown","16-17 years","Unknown","No"
"136","December",2004,"Castilla - La Mancha","Partner","Unknown","21-30 years","Unknown","Yes"
"137","December",2004,"Cataluña","Partner","31-40 years","Unknown","Unknown","Yes"
"138","December",2004,"Cataluña","Partner","51-64 years","Unknown","Unknown","Yes"
"139","December",2004,"Extremadura","Partner","75-84 years","75-84 years","Unknown","Yes"
"140","December",2004,"Galicia","Partner","31-40 years","Unknown","Unknown","No"
"141","December",2004,"Galicia","Partner","Unknown","Unknown","Unknown","Yes"
"142","December",2004,"Región de Murcia","Partner","Unknown","Unknown","Unknown","No"
"143","December",2004,"País Vasco","Partner","51-64 years","51-64 years","Unknown","Yes"
"144","January",2005,"Andalucía","Partner","21-30 years","21-30 years","Unknown","Yes"
"145","January",2005,"Aragón","Partner","75-84 years","Unknown","Unknown","Yes"
"146","January",2005,"Islas Baleares","Partner","21-30 years","21-30 years","Unknown","No"
"147","January",2005,"Castilla - La Mancha","Ex-partner","51-64 years","51-64 years","Unknown","No"
"148","January",2005,"Región de Murcia","Ex-partner","41-50 years","Unknown","Unknown","No"
"149","January",2005,"País Vasco","Ex-partner","31-40 years","Unknown","Unknown","No"
"150","February",2005,"Andalucía","Ex-partner","21-30 years","21-30 years","Unknown","No"
"151","February",2005,"Andalucía","Partner","75-84 years","75-84 years","Unknown","Yes"
"152","February",2005,"Comunidad Valenciana","Ex-partner","21-30 years","21-30 years","Unknown","No"
"153","February",2005,"Región de Murcia","Partner","31-40 years","Unknown","Unknown","Yes"
"154","February",2005,"Comunidad Foral de Navarra","Ex-partner","21-30 years","21-30 years","Unknown","No"
"155","March",2005,"Andalucía","Partner","18-20 years","21-30 years","Unknown","Yes"
"156","March",2005,"Islas Baleares","Partner","65-74 years","65-74 years","Unknown","Yes"
"157","March",2005,"Comunidad de Madrid","Partner","Unknown","Unknown","Unknown","Yes"
"158","April",2005,"Andalucía","Partner","21-30 years","21-30 years","Unknown","Yes"
"159","April",2005,"Canarias","Partner","21-30 years","31-40 years","Unknown","Yes"
"160","April",2005,"Castilla y León","Partner","31-40 years","Unknown","Unknown","Yes"
"161","April",2005,"Cataluña","Partner","51-64 years","Unknown","Unknown","Yes"
"162","April",2005,"Comunidad Valenciana","Partner","31-40 years","31-40 years","Unknown","Yes"
"163","May",2005,"Aragón","Partner","65-74 years","Unknown","Unknown","Yes"
"164","May",2005,"Canarias","Ex-partner","41-50 years","41-50 years","Unknown","No"
"165","May",2005,"Castilla y León","Partner","21-30 years","Unknown","Unknown","No"
"166","May",2005,"Cataluña","Ex-partner","21-30 years","31-40 years","Unknown","No"
"167","June",2005,"Canarias","Partner","41-50 years","41-50 years","Unknown","Yes"
"168","June",2005,"Castilla - La Mancha","Partner","75-84 years","75-84 years","Unknown","Yes"
"169","June",2005,"Cataluña","Partner","41-50 years","51-64 years","Unknown","Yes"
"170","June",2005,"Comunidad Valenciana","Partner","65-74 years","Unknown","Unknown","Yes"
"171","June",2005,"Comunidad de Madrid","Partner","31-40 years","31-40 years","Unknown","Yes"
"172","June",2005,"Comunidad Foral de Navarra","Partner","31-40 years","31-40 years","Unknown","Yes"
"173","July",2005,"Aragón","Partner","65-74 years","65-74 years","Unknown","Yes"
"174","July",2005,"Cataluña","Partner","51-64 years","Unknown","Unknown","Yes"
"175","July",2005,"Comunidad de Madrid","Ex-partner","31-40 years","21-30 years","Unknown","No"
"176","July",2005,"Comunidad de Madrid","Partner","31-40 years","31-40 years","Unknown","Yes"
"177","August",2005,"Principado de Asturias","Partner","21-30 years","21-30 years","Unknown","No"
"178","August",2005,"Islas Baleares","Partner","41-50 years","31-40 years","Unknown","Yes"
"179","August",2005,"Islas Baleares","Partner","41-50 years","41-50 years","Unknown","Yes"
"180","August",2005,"Castilla y León","Partner","31-40 years","41-50 years","Unknown","Yes"
"181","August",2005,"Comunidad Valenciana","Partner","Unknown","Unknown","Unknown","Yes"
"182","August",2005,"Comunidad Valenciana","Partner","21-30 years","21-30 years","Unknown","No"
"183","September",2005,"Andalucía","Partner","18-20 years","Unknown","Unknown","No"
"184","September",2005,"Andalucía","Partner","75-84 years","75-84 years","Unknown","Yes"
"185","September",2005,"Canarias","Ex-partner","31-40 years","41-50 years","Unknown","No"
"186","September",2005,"Castilla y León","Partner","16-17 years","31-40 years","Unknown","No"
"187","October",2005,"Canarias","Ex-partner","18-20 years","21-30 years","Unknown","No"
"188","October",2005,"Cataluña","Ex-partner","41-50 years","51-64 years","Unknown","No"
"189","October",2005,"Cataluña","Ex-partner","41-50 years","41-50 years","Unknown","No"
"190","October",2005,"País Vasco","Ex-partner","21-30 years","21-30 years","Unknown","No"
"191","October",2005,"País Vasco","Partner","31-40 years","41-50 years","Unknown","Yes"
"192","November",2005,"Aragón","Partner","75-84 years","Unknown","Unknown","Yes"
"193","November",2005,"Canarias","Partner","41-50 years","41-50 years","Unknown","Yes"
"194","November",2005,"Cataluña","Ex-partner","21-30 years","Unknown","Unknown","No"
"195","November",2005,"Cataluña","Partner","41-50 years","Unknown","Unknown","Yes"
"196","November",2005,"Comunidad Valenciana","Partner","31-40 years","41-50 years","Unknown","Yes"
"197","November",2005,"Galicia","Partner","75-84 years","65-74 years","Unknown","Yes"
"198","December",2005,"Andalucía","Partner","31-40 years","Unknown","Unknown","Yes"
"199","December",2005,"Andalucía","Partner","18-20 years","21-30 years","Unknown","Yes"
"200","December",2005,"Melilla","Partner","31-40 years","41-50 years","Unknown","Yes"
"201","January",2006,"Andalucía","Partner","41-50 years","31-40 years","No","Yes"
"202","January",2006,"Andalucía","Ex-partner","31-40 years","41-50 years","Yes","No"
"203","January",2006,"Andalucía","Ex-partner","21-30 years","Unknown","No","No"
"204","January",2006,"Andalucía","Partner","31-40 years","41-50 years","Yes","Yes"
"205","January",2006,"Aragón","Ex-partner","31-40 years","31-40 years","No","No"
"206","January",2006,"Islas Baleares","Ex-partner","21-30 years","41-50 years","No","No"
"207","January",2006,"Comunidad de Madrid","Partner","31-40 years","31-40 years","No","Yes"
"208","January",2006,"Región de Murcia","Ex-partner","21-30 years","21-30 years","Yes","No"
"209","January",2006,"País Vasco","Partner","31-40 years","31-40 years","Yes","Yes"
"210","February",2006,"Andalucía","Partner","31-40 years","31-40 years","No","Yes"
"211","February",2006,"Cataluña","Ex-partner","21-30 years","18-20 years","No","No"
"212","February",2006,"Cataluña","Partner","51-64 years","31-40 years","No","Yes"
"213","February",2006,"Comunidad de Madrid","Partner","31-40 years","31-40 years","Yes","Yes"
"214","March",2006,"Principado de Asturias","Partner","21-30 years","31-40 years","Yes","Yes"
"215","March",2006,"Castilla y León","Ex-partner","41-50 years","Unknown","No","No"
"216","March",2006,"Castilla - La Mancha","Partner","65-74 years","65-74 years","No","Yes"
"217","March",2006,"Cataluña","Ex-partner","31-40 years","31-40 years","No","No"
"218","March",2006,"Cataluña","Partner","31-40 years","31-40 years","Yes","Yes"
"219","March",2006,"Comunidad Valenciana","Partner","31-40 years","31-40 years","Yes","Yes"
"220","March",2006,"Comunidad Valenciana","Partner","31-40 years","31-40 years","Yes","Yes"
"221","March",2006,"Comunidad de Madrid","Partner","65-74 years","65-74 years","Yes","Yes"
"222","March",2006,"Región de Murcia","Partner","51-64 years","65-74 years","No","Yes"
"223","April",2006,"Andalucía","Ex-partner","31-40 years","31-40 years","No","No"
"224","April",2006,"Andalucía","Partner","65-74 years","Unknown","No","Yes"
"225","April",2006,"Canarias","Partner","65-74 years",">85 years","No","Yes"
"226","April",2006,"Castilla y León","Partner","31-40 years","31-40 years","No","No"
"227","April",2006,"Comunidad Valenciana","Partner","41-50 years","51-64 years","No","Yes"
"228","May",2006,"Canarias","Ex-partner","41-50 years","51-64 years","Yes","No"
"229","May",2006,"Cataluña","Partner","31-40 years","31-40 years","Yes","Yes"
"230","May",2006,"Extremadura","Ex-partner","31-40 years","21-30 years","No","No"
"231","May",2006,"Comunidad de Madrid","Partner","31-40 years","51-64 years","No","Yes"
"232","May",2006,"País Vasco","Partner","31-40 years","31-40 years","No","Yes"
"233","June",2006,"Andalucía","Ex-partner","31-40 years","Unknown","Yes","No"
"234","June",2006,"Región de Murcia","Partner","65-74 years","65-74 years","No","Yes"
"235","July",2006,"Andalucía","Partner","41-50 years","41-50 years","No","Yes"
"236","July",2006,"Principado de Asturias","Ex-partner","21-30 years","41-50 years","No","No"
"237","July",2006,"Islas Baleares","Partner","51-64 years","65-74 years","No","Yes"
"238","July",2006,"Castilla y León","Partner","21-30 years","Unknown","No","No"
"239","July",2006,"Castilla - La Mancha","Partner","31-40 years","41-50 years","No","Yes"
"240","July",2006,"Comunidad Valenciana","Partner","65-74 years","75-84 years","No","Yes"
"241","July",2006,"Comunidad de Madrid","Ex-partner","18-20 years","21-30 years","Yes","No"
"242","July",2006,"País Vasco","Partner","21-30 years","21-30 years","No","Yes"
"243","August",2006,"Andalucía","Partner","41-50 years","31-40 years","No","Yes"
"244","August",2006,"Andalucía","Ex-partner","18-20 years","18-20 years","No","No"
"245","August",2006,"Andalucía","Partner","51-64 years","51-64 years","Yes","Yes"
"246","August",2006,"Canarias","Partner","31-40 years","31-40 years","No","Yes"
"247","August",2006,"Castilla - La Mancha","Partner","21-30 years","21-30 years","No","Yes"
"248","August",2006,"Castilla - La Mancha","Partner","21-30 years","21-30 years","Yes","Yes"
"249","August",2006,"Cataluña","Ex-partner","31-40 years","21-30 years","No","No"
"250","August",2006,"Cataluña","Partner","31-40 years","31-40 years","No","Yes"
"251","August",2006,"Cataluña","Partner","31-40 years","31-40 years","No","Yes"
"252","September",2006,"Andalucía","Partner","31-40 years","41-50 years","Yes","Yes"
"253","September",2006,"Andalucía","Partner","16-17 years","21-30 years","No","No"
"254","September",2006,"Andalucía","Partner","41-50 years","41-50 years","No","Yes"
"255","September",2006,"Andalucía","Partner","75-84 years","75-84 years","No","Yes"
"256","October",2006,"Andalucía","Partner","31-40 years","41-50 years","No","Yes"
"257","October",2006,"Andalucía","Partner","21-30 years","31-40 years","No","No"
"258","October",2006,"Islas Baleares","Partner","21-30 years","41-50 years","Yes","No"
"259","October",2006,"Cataluña","Partner","21-30 years","31-40 years","No","Yes"
"260","October",2006,"Comunidad Valenciana","Partner","65-74 years","75-84 years","No","Yes"
"261","October",2006,"Comunidad Valenciana","Partner","31-40 years","21-30 years","No","Yes"
"262","November",2006,"Andalucía","Ex-partner","41-50 years","41-50 years","Yes","No"
"263","November",2006,"Comunidad Valenciana","Partner","75-84 years",">85 years","No","Yes"
"264","December",2006,"Andalucía","Partner","21-30 years","18-20 years","No","Yes"
"265","December",2006,"Andalucía","Partner","41-50 years","41-50 years","Yes","Yes"
"266","December",2006,"Principado de Asturias","Partner","75-84 years",">85 years","No","Yes"
"267","December",2006,"Canarias","Partner","21-30 years","31-40 years","No","No"
"268","December",2006,"Cataluña","Partner","31-40 years","21-30 years","Yes","Yes"
"269","December",2006,"Comunidad Valenciana","Ex-partner","51-64 years","51-64 years","Yes","No"
"270","January",2007,"Islas Baleares","Partner","31-40 years","31-40 years","Yes","Yes"
"271","January",2007,"Castilla y León","Ex-partner","31-40 years","41-50 years","No","No"
"272","January",2007,"Castilla - La Mancha","Ex-partner","31-40 years","41-50 years","No","No"
"273","January",2007,"Cataluña","Ex-partner","31-40 years","41-50 years","No","No"
"274","January",2007,"Comunidad de Madrid","Partner","41-50 years","31-40 years","No","Yes"
"275","February",2007,"Andalucía","Partner","31-40 years","31-40 years","Yes","No"
"276","February",2007,"Principado de Asturias","Partner","65-74 years","65-74 years","No","Yes"
"277","February",2007,"Cataluña","Partner","51-64 years","51-64 years","No","Yes"
"278","February",2007,"Comunidad Valenciana","Ex-partner","31-40 years","31-40 years","Yes","No"
"279","February",2007,"Galicia","Partner","75-84 years","75-84 years","No","Yes"
"280","February",2007,"Galicia","Partner","21-30 years","21-30 years","No","Yes"
"281","February",2007,"Galicia","Partner","41-50 years","41-50 years","No","Yes"
"282","February",2007,"Comunidad de Madrid","Partner","21-30 years","21-30 years","No","Yes"
"283","February",2007,"Comunidad de Madrid","Partner","31-40 years","31-40 years","Yes","No"
"284","March",2007,"Cataluña","Partner","41-50 years","41-50 years","No","No"
"285","March",2007,"Comunidad Valenciana","Ex-partner","21-30 years","21-30 years","Yes","No"
"286","March",2007,"Comunidad Valenciana","Partner","31-40 years","41-50 years","Yes","Yes"
"287","March",2007,"País Vasco","Partner","65-74 years","75-84 years","No","Yes"
"288","April",2007,"Cataluña","Partner","31-40 years","41-50 years","No","Yes"
"289","April",2007,"Comunidad de Madrid","Ex-partner","21-30 years","31-40 years","Yes","No"
"290","April",2007,"Comunidad de Madrid","Partner","21-30 years","31-40 years","No","No"
"291","April",2007,"Comunidad Foral de Navarra","Partner","21-30 years","21-30 years","No","Yes"
"292","May",2007,"Andalucía","Partner","21-30 years","21-30 years","No","Yes"
"293","May",2007,"Andalucía","Partner","41-50 years","41-50 years","No","Yes"
"294","May",2007,"Andalucía","Partner","75-84 years","75-84 years","No","Yes"
"295","May",2007,"Canarias","Partner","21-30 years","21-30 years","No","Yes"
"296","May",2007,"Cantabria","Partner","41-50 years","31-40 years","No","Yes"
"297","May",2007,"Castilla - La Mancha","Partner","21-30 years","31-40 years","No","Yes"
"298","May",2007,"Comunidad Valenciana","Ex-partner","18-20 years","21-30 years","No","No"
"299","June",2007,"Principado de Asturias","Partner","21-30 years","31-40 years","No","No"
"300","June",2007,"Canarias","Partner","65-74 years","65-74 years","No","Yes"
"301","June",2007,"Canarias","Partner","75-84 years","65-74 years","Yes","Yes"
"302","June",2007,"Castilla - La Mancha","Ex-partner","51-64 years","51-64 years","No","No"
"303","June",2007,"Castilla - La Mancha","Partner","21-30 years","21-30 years","Yes","Yes"
"304","June",2007,"Comunidad Valenciana","Ex-partner","41-50 years","31-40 years","Yes","No"
"305","June",2007,"Comunidad Valenciana","Ex-partner","41-50 years","41-50 years","Yes","No"
"306","June",2007,"Galicia","Partner","65-74 years","65-74 years","No","Yes"
"307","June",2007,"Región de Murcia","Partner","41-50 years","31-40 years","Yes","Yes"
"308","June",2007,"País Vasco","Partner","31-40 years","41-50 years","Yes","Yes"
"309","July",2007,"Castilla y León","Partner","41-50 years","51-64 years","No","Yes"
"310","July",2007,"Castilla - La Mancha","Partner","21-30 years","31-40 years","Yes","Yes"
"311","July",2007,"Cataluña","Partner","41-50 years","51-64 years","No","Yes"
"312","July",2007,"Cataluña","Partner","75-84 years","65-74 years","No","Yes"
"313","July",2007,"Comunidad Valenciana","Partner","41-50 years","51-64 years","No","Yes"
"314","July",2007,"Comunidad de Madrid","Partner","31-40 years","31-40 years","Yes","Yes"
"315","July",2007,"Región de Murcia","Partner","31-40 years","21-30 years","Yes","Yes"
"316","July",2007,"Melilla","Partner","41-50 years","65-74 years","Yes","Yes"
"317","August",2007,"Andalucía","Partner","51-64 years","65-74 years","No","Yes"
"318","August",2007,"Canarias","Partner","51-64 years","51-64 years","No","Yes"
"319","August",2007,"Canarias","Partner","65-74 years","41-50 years","No","Yes"
"320","August",2007,"Cataluña","Partner","21-30 years","21-30 years","No","Yes"
"321","August",2007,"Comunidad Valenciana","Partner","41-50 years","41-50 years","No","Yes"
"322","August",2007,"Comunidad Valenciana","Partner","18-20 years","21-30 years","Yes","Yes"
"323","August",2007,"Comunidad de Madrid","Ex-partner","21-30 years","31-40 years","No","No"
"324","September",2007,"Aragón","Partner","51-64 years","51-64 years","No","Yes"
"325","September",2007,"Aragón","Partner","51-64 years","65-74 years","No","Yes"
"326","September",2007,"Cataluña","Partner","21-30 years","21-30 years","No","Yes"
"327","September",2007,"Cataluña","Partner","51-64 years","51-64 years","No","No"
"328","October",2007,"Andalucía","Ex-partner","31-40 years","31-40 years","No","No"
"329","October",2007,"Andalucía","Partner","21-30 years","21-30 years","No","No"
"330","October",2007,"Andalucía","Ex-partner","31-40 years","31-40 years","No","No"
"331","October",2007,"Castilla y León","Partner","51-64 years","51-64 years","No","Yes"
"332","October",2007,"Comunidad de Madrid","Partner","41-50 years","41-50 years","No","Yes"
"333","November",2007,"Canarias","Ex-partner","31-40 years","31-40 years","No","No"
"334","November",2007,"Cantabria","Partner","75-84 years","75-84 years","Yes","Yes"
"335","November",2007,"Cataluña","Partner","21-30 years","41-50 years","Yes","Yes"
"336","November",2007,"Cataluña","Partner","65-74 years","65-74 years","No","Yes"
"337","November",2007,"Cataluña","Partner","51-64 years","41-50 years","No","No"
"338","November",2007,"Comunidad Valenciana","Ex-partner","21-30 years","21-30 years","Yes","No"
"339","November",2007,"Comunidad de Madrid","Partner","21-30 years","21-30 years","No","Yes"
"340","December",2007,"Galicia","Ex-partner","41-50 years","31-40 years","No","No"
"341","January",2008,"Andalucía","Partner","41-50 years","51-64 years","No","Yes"
"342","January",2008,"Comunidad Valenciana","Partner","21-30 years","21-30 years","No","Yes"
"343","January",2008,"Galicia","Partner","51-64 years","65-74 years","No","Yes"
"344","January",2008,"Comunidad de Madrid","Partner","21-30 years","21-30 years","No","Yes"
"345","January",2008,"Comunidad de Madrid","Partner","41-50 years","31-40 years","No","Yes"
"346","January",2008,"Región de Murcia","Partner","51-64 years","51-64 years","No","Yes"
"347","January",2008,"Comunidad Foral de Navarra","Partner","18-20 years","21-30 years","No","No"
"348","February",2008,"Andalucía","Partner","41-50 years","51-64 years","Yes","No"
"349","February",2008,"Canarias","Partner","41-50 years","41-50 years","No","Yes"
"350","February",2008,"Castilla y León","Ex-partner","51-64 years","51-64 years","No","No"
"351","February",2008,"Castilla - La Mancha","Partner","41-50 years","41-50 years","Yes","Yes"
"352","February",2008,"Comunidad Valenciana","Ex-partner","41-50 years","51-64 years","Yes","No"
"353","February",2008,"Comunidad Valenciana","Partner","41-50 years","41-50 years","No","Yes"
"354","February",2008,"Comunidad de Madrid","Partner","21-30 years","21-30 years","No","Yes"
"355","February",2008,"Comunidad de Madrid","Partner","41-50 years","41-50 years","No","Yes"
"356","March",2008,"Andalucía","Partner","51-64 years","51-64 years","No","Yes"
"357","March",2008,"Castilla y León","Partner","51-64 years","65-74 years","No","No"
"358","March",2008,"Cataluña","Ex-partner","21-30 years","21-30 years","No","No"
"359","March",2008,"Comunidad Valenciana","Partner","41-50 years","41-50 years","Yes","Yes"
"360","April",2008,"Aragón","Partner","21-30 years","21-30 years","No","Yes"
"361","April",2008,"Castilla - La Mancha","Ex-partner","31-40 years","31-40 years","Yes","No"
"362","April",2008,"Comunidad Valenciana","Ex-partner","18-20 years","31-40 years","Yes","No"
"363","April",2008,"Comunidad Valenciana","Partner","16-17 years","21-30 years","No","No"
"364","April",2008,"Comunidad de Madrid","Ex-partner","31-40 years","31-40 years","No","No"
"365","May",2008,"Andalucía","Ex-partner","65-74 years","75-84 years","Yes","No"
"366","May",2008,"Castilla y León","Partner","31-40 years","41-50 years","No","Yes"
"367","May",2008,"Cataluña","Ex-partner","31-40 years","31-40 years","No","No"
"368","June",2008,"Andalucía","Partner","75-84 years","75-84 years","No","Yes"
"369","June",2008,"Cataluña","Partner","51-64 years","41-50 years","No","Yes"
"370","June",2008,"Cataluña","Partner","21-30 years","31-40 years","No","Yes"
"371","June",2008,"Comunidad de Madrid","Ex-partner","31-40 years","31-40 years","Yes","No"
"372","June",2008,"La Rioja","Partner","21-30 years","31-40 years","No","Yes"
"373","July",2008,"Principado de Asturias","Ex-partner","31-40 years","41-50 years","No","No"
"374","July",2008,"Cataluña","Partner","31-40 years","31-40 years","No","No"
"375","July",2008,"Comunidad de Madrid","Ex-partner","31-40 years","41-50 years","No","No"
"376","July",2008,"Región de Murcia","Partner","31-40 years","41-50 years","No","Yes"
"377","July",2008,"La Rioja","Ex-partner","41-50 years","51-64 years","Yes","No"
"378","August",2008,"Canarias","Ex-partner","21-30 years","41-50 years","Yes","No"
"379","August",2008,"Castilla y León","Partner","18-20 years","18-20 years","No","No"
"380","August",2008,"Cataluña","Ex-partner","18-20 years","31-40 years","No","No"
"381","August",2008,"Comunidad Valenciana","Partner","41-50 years","31-40 years","No","Yes"
"382","August",2008,"Galicia","Partner","21-30 years","41-50 years","No","Yes"
"383","August",2008,"Comunidad de Madrid","Partner","51-64 years","51-64 years","No","Yes"
"384","August",2008,"Comunidad Foral de Navarra","Partner","51-64 years","75-84 years","No","Yes"
"385","August",2008,"País Vasco","Partner","65-74 years","65-74 years","No","Yes"
"386","September",2008,"Andalucía","Ex-partner","21-30 years","21-30 years","Yes","No"
"387","September",2008,"Islas Baleares","Partner","21-30 years","31-40 years","No","Yes"
"388","September",2008,"Castilla y León","Ex-partner","41-50 years","41-50 years","No","No"
"389","September",2008,"Castilla y León","Partner","21-30 years","21-30 years","No","No"
"390","September",2008,"Cataluña","Ex-partner","41-50 years","41-50 years","No","No"
"391","September",2008,"Comunidad Valenciana","Ex-partner","31-40 years","31-40 years","No","No"
"392","September",2008,"Comunidad de Madrid","Partner","65-74 years","65-74 years","No","Yes"
"393","October",2008,"Andalucía","Partner","31-40 years","31-40 years","No","No"
"394","October",2008,"Andalucía","Partner","31-40 years","31-40 years","No","No"
"395","October",2008,"Andalucía","Partner","41-50 years","41-50 years","Yes","No"
"396","October",2008,"Comunidad de Madrid","Partner","21-30 years","41-50 years","No","Yes"
"397","October",2008,"Región de Murcia","Partner","21-30 years","31-40 years","No","No"
"398","October",2008,"Comunidad Foral de Navarra","Ex-partner","41-50 years","51-64 years","Yes","No"
"399","October",2008,"País Vasco","Partner","21-30 years","31-40 years","No","Yes"
"400","November",2008,"Comunidad Valenciana","Partner","21-30 years","31-40 years","No","Yes"
"401","November",2008,"Galicia","Ex-partner","41-50 years","31-40 years","No","No"
"402","November",2008,"Galicia","Ex-partner","21-30 years","41-50 years","No","No"
"403","November",2008,"Galicia","Partner","51-64 years","51-64 years","No","Yes"
"404","November",2008,"Comunidad de Madrid","Partner","65-74 years","65-74 years","Yes","Yes"
"405","November",2008,"Región de Murcia","Ex-partner","41-50 years","75-84 years","No","No"
"406","December",2008,"Canarias","Partner","21-30 years","21-30 years","No","No"
"407","December",2008,"Canarias","Partner","21-30 years","31-40 years","No","Yes"
"408","December",2008,"Canarias","Partner","65-74 years","75-84 years","Yes","Yes"
"409","December",2008,"Castilla - La Mancha","Partner","21-30 years","21-30 years","No","No"
"410","December",2008,"Cataluña","Partner","31-40 years","31-40 years","Yes","No"
"411","December",2008,"Cataluña","Partner","51-64 years","51-64 years","Yes","Yes"
"412","December",2008,"Cataluña","Partner","41-50 years","51-64 years","No","Yes"
"413","December",2008,"Comunidad Valenciana","Partner","31-40 years","21-30 years","Yes","Yes"
"414","December",2008,"Galicia","Partner","51-64 years","65-74 years","No","Yes"
"415","December",2008,"Galicia","Partner","41-50 years","41-50 years","No","Yes"
"416","December",2008,"País Vasco","Partner","31-40 years","21-30 years","No","Yes"
"417","February",2009,"Andalucía","Ex-partner","51-64 years","65-74 years","No","No"
"418","February",2009,"Andalucía","Partner","31-40 years","31-40 years","No","No"
"419","February",2009,"Andalucía","Partner","21-30 years","21-30 years","Yes","Yes"
"420","February",2009,"Comunidad de Madrid","Partner","21-30 years","31-40 years","No","No"
"421","February",2009,"Comunidad de Madrid","Partner","31-40 years","31-40 years","No","No"
"422","March",2009,"Canarias","Ex-partner","31-40 years","41-50 years","No","No"
"423","March",2009,"Cataluña","Ex-partner","21-30 years","31-40 years","Yes","No"
"424","March",2009,"Comunidad Valenciana","Partner","41-50 years","41-50 years","Yes","Yes"
"425","March",2009,"Comunidad Valenciana","Partner","65-74 years","51-64 years","No","Yes"
"426","March",2009,"País Vasco","Partner","41-50 years","41-50 years","Yes","Yes"
"427","April",2009,"Andalucía","Partner","75-84 years","75-84 years","No","Yes"
"428","April",2009,"Extremadura","Partner","51-64 years","65-74 years","Yes","Yes"
"429","May",2009,"Andalucía","Partner","41-50 years","41-50 years","No","Yes"
"430","May",2009,"Canarias","Ex-partner","31-40 years","31-40 years","Yes","No"
"431","May",2009,"Canarias","Ex-partner","41-50 years","41-50 years","Yes","No"
"432","May",2009,"Cataluña","Ex-partner","18-20 years","21-30 years","No","No"
"433","May",2009,"Cataluña","Ex-partner","31-40 years","51-64 years","Yes","No"
"434","May",2009,"Cataluña","Partner","18-20 years","21-30 years","No","Yes"
"435","May",2009,"Comunidad Valenciana","Partner","18-20 years","21-30 years","No","Yes"
"436","May",2009,"Comunidad Valenciana","Partner","31-40 years","31-40 years","Yes","Yes"
"437","May",2009,"País Vasco","Partner","31-40 years","31-40 years","No","No"
"438","June",2009,"Canarias","Partner","51-64 years","51-64 years","No","No"
"439","June",2009,"Cataluña","Ex-partner","31-40 years","21-30 years","No","No"
"440","June",2009,"Comunidad Valenciana","Partner","31-40 years","41-50 years","No","Yes"
"441","June",2009,"Comunidad de Madrid","Partner","21-30 years","21-30 years","Yes","Yes"
"442","June",2009,"Comunidad de Madrid","Partner","75-84 years","75-84 years","No","Yes"
"443","July",2009,"Andalucía","Partner","51-64 years","51-64 years","No","Yes"
"444","July",2009,"Andalucía","Partner","51-64 years","51-64 years","No","Yes"
"445","July",2009,"Castilla - La Mancha","Partner","31-40 years","21-30 years","Yes","No"
"446","July",2009,"Galicia","Ex-partner","31-40 years","41-50 years","No","No"
"447","July",2009,"Región de Murcia","Partner","41-50 years","65-74 years","No","Yes"
"448","July",2009,"Ceuta","Partner","21-30 years","31-40 years","No","Yes"
"449","August",2009,"Andalucía","Partner","65-74 years","65-74 years","No","Yes"
"450","August",2009,"Cataluña","Partner","21-30 years","18-20 years","No","Yes"
"451","August",2009,"Cataluña","Partner","41-50 years","41-50 years","No","Yes"
"452","August",2009,"Galicia","Partner","75-84 years","75-84 years","No","Yes"
"453","August",2009,"Galicia","Ex-partner","18-20 years","31-40 years","Yes","No"
"454","August",2009,"Región de Murcia","Partner","21-30 years","31-40 years","No","Yes"
"455","September",2009,"Andalucía","Ex-partner","41-50 years","51-64 years","No","No"
"456","September",2009,"Canarias","Partner","31-40 years","31-40 years","No","Yes"
"457","September",2009,"Castilla y León","Partner","21-30 years","21-30 years","Yes","No"
"458","September",2009,"Cataluña","Partner","21-30 years","31-40 years","Yes","Yes"
"459","September",2009,"Comunidad Valenciana","Partner","31-40 years","41-50 years","No","Yes"
"460","September",2009,"Comunidad Valenciana","Partner","31-40 years","31-40 years","No","Yes"
"461","October",2009,"Andalucía","Partner","51-64 years","65-74 years","No","Yes"
"462","October",2009,"Andalucía","Ex-partner","21-30 years","21-30 years","No","No"
"463","October",2009,"Islas Baleares","Partner","31-40 years","41-50 years","No","Yes"
"464","October",2009,"Cataluña","Partner","31-40 years","31-40 years","No","Yes"
"465","October",2009,"Cataluña","Partner","41-50 years","51-64 years","No","Yes"
"466","October",2009,"Comunidad Valenciana","Partner","51-64 years","65-74 years","No","Yes"
"467","November",2009,"La Rioja","Ex-partner","31-40 years","31-40 years","No","No"
"468","December",2009,"Andalucía","Partner","65-74 years","65-74 years","No","Yes"
"469","December",2009,"Andalucía","Partner","41-50 years","21-30 years","No","Yes"
"470","December",2009,"Andalucía","Partner","21-30 years","21-30 years","No","Yes"
"471","December",2009,"Comunidad Valenciana","Partner","75-84 years",">85 years","No","Yes"
"472","December",2009,"Comunidad de Madrid","Ex-partner","18-20 years","31-40 years","No","No"
"473","January",2010,"Andalucía","Partner","41-50 years","51-64 years","No","Yes"
"474","January",2010,"Islas Baleares","Partner","41-50 years","51-64 years","No","Yes"
"475","January",2010,"Comunidad de Madrid","Ex-partner","31-40 years","31-40 years","No","No"
"476","February",2010,"Andalucía","Partner","21-30 years","31-40 years","No","Yes"
"477","February",2010,"Principado de Asturias","Partner","51-64 years","51-64 years","No","Yes"
"478","February",2010,"Cataluña","Partner","31-40 years","41-50 years","Yes","Yes"
"479","February",2010,"Comunidad de Madrid","Partner","21-30 years","31-40 years","No","Yes"
"480","March",2010,"Andalucía","Partner","41-50 years","41-50 years","No","Yes"
"481","March",2010,"Andalucía","Ex-partner","51-64 years","51-64 years","Yes","No"
"482","March",2010,"Canarias","Ex-partner","31-40 years","65-74 years","No","No"
"483","March",2010,"Castilla y León","Ex-partner","21-30 years","31-40 years","No","No"
"484","March",2010,"Castilla y León","Partner","51-64 years","51-64 years","No","No"
"485","March",2010,"Cataluña","Partner","31-40 years","31-40 years","No","Yes"
"486","March",2010,"Comunidad Valenciana","Partner","51-64 years","65-74 years","No","Yes"
"487","April",2010,"Andalucía","Ex-partner","51-64 years","75-84 years","No","No"
"488","April",2010,"Aragón","Partner","21-30 years","41-50 years","Yes","Yes"
"489","April",2010,"Principado de Asturias","Partner","41-50 years","31-40 years","No","Yes"
"490","April",2010,"Principado de Asturias","Partner","51-64 years","51-64 years","No","Yes"
"491","April",2010,"Castilla y León","Partner","51-64 years","51-64 years","No","Yes"
"492","April",2010,"Comunidad Valenciana","Ex-partner","21-30 years","31-40 years","Yes","No"
"493","April",2010,"Comunidad Valenciana","Partner","51-64 years","41-50 years","Yes","Yes"
"494","April",2010,"Comunidad de Madrid","Partner","21-30 years","31-40 years","No","Yes"
"495","May",2010,"Andalucía","Ex-partner","31-40 years","31-40 years","No","No"
"496","May",2010,"Andalucía","Partner","41-50 years","31-40 years","No","Yes"
"497","May",2010,"Canarias","Partner","31-40 years","31-40 years","No","Yes"
"498","May",2010,"Cataluña","Partner","31-40 years","31-40 years","No","Yes"
"499","May",2010,"Cataluña","Partner","41-50 years","51-64 years","No","Yes"
"500","May",2010,"Región de Murcia","Partner","65-74 years","51-64 years","No","Yes"
"501","June",2010,"Andalucía","Partner","31-40 years","31-40 years","No","Yes"
"502","June",2010,"Principado de Asturias","Partner","51-64 years","51-64 years","No","Yes"
"503","June",2010,"Canarias","Partner","41-50 years","41-50 years","Yes","Yes"
"504","June",2010,"Cataluña","Partner","31-40 years","51-64 years","No","No"
"505","June",2010,"Comunidad Valenciana","Ex-partner","51-64 years","51-64 years","No","No"
"506","July",2010,"Andalucía","Partner","51-64 years","65-74 years","No","No"
"507","July",2010,"Andalucía","Ex-partner","41-50 years","65-74 years","Yes","No"
"508","July",2010,"Aragón","Partner","41-50 years","41-50 years","No","No"
"509","July",2010,"Canarias","Partner","21-30 years","31-40 years","No","No"
"510","July",2010,"Canarias","Partner","31-40 years","31-40 years","No","Yes"
"511","July",2010,"Canarias","Partner","41-50 years","51-64 years","No","Yes"
"512","July",2010,"Castilla - La Mancha","Partner","31-40 years","41-50 years","Yes","Yes"
"513","July",2010,"Castilla - La Mancha","Partner","65-74 years","75-84 years","No","Yes"
"514","July",2010,"Cataluña","Partner","21-30 years","31-40 years","Yes","Yes"
"515","July",2010,"País Vasco","Partner","31-40 years","41-50 years","Yes","Yes"
"516","August",2010,"Cataluña","Partner","41-50 years","31-40 years","Yes","Yes"
"517","August",2010,"Galicia","Partner","41-50 years","41-50 years","No","Yes"
"518","September",2010,"Andalucía","Ex-partner","31-40 years","41-50 years","No","No"
"519","September",2010,"Andalucía","Partner","21-30 years","31-40 years","No","Yes"
"520","September",2010,"Principado de Asturias","Ex-partner","21-30 years","21-30 years","Yes","No"
"521","September",2010,"Castilla y León","Partner","41-50 years","41-50 years","Yes","No"
"522","September",2010,"Cataluña","Partner","21-30 years","31-40 years","No","Yes"
"523","September",2010,"Cataluña","Ex-partner","31-40 years","31-40 years","No","No"
"524","September",2010,"Comunidad Valenciana","Ex-partner","31-40 years","41-50 years","Yes","No"
"525","September",2010,"Galicia","Ex-partner","31-40 years","51-64 years","No","No"
"526","October",2010,"Andalucía","Partner","31-40 years","51-64 years","No","Yes"
"527","October",2010,"Andalucía","Partner","75-84 years","75-84 years","No","Yes"
"528","October",2010,"Cataluña","Partner","41-50 years","41-50 years","No","Yes"
"529","October",2010,"Cataluña","Partner","21-30 years","31-40 years","Yes","No"
"530","October",2010,"Comunidad Valenciana","Partner","51-64 years","51-64 years","No","Yes"
"531","October",2010,"Comunidad de Madrid","Partner","41-50 years","51-64 years","No","Yes"
"532","November",2010,"Andalucía","Partner","31-40 years","41-50 years","Yes","Yes"
"533","November",2010,"Andalucía","Partner","31-40 years","31-40 years","Yes","Yes"
"534","November",2010,"Islas Baleares","Partner","41-50 years",">85 years","No","No"
"535","November",2010,"Canarias","Partner","31-40 years","31-40 years","Yes","Yes"
"536","November",2010,"Comunidad Valenciana","Partner","51-64 years","41-50 years","No","No"
"537","November",2010,"Comunidad de Madrid","Ex-partner","16-17 years","18-20 years","No","No"
"538","November",2010,"Comunidad de Madrid","Partner","75-84 years","75-84 years","No","Yes"
"539","December",2010,"Andalucía","Partner","21-30 years","21-30 years","No","Yes"
"540","December",2010,"Castilla - La Mancha","Partner","21-30 years","21-30 years","Yes","Yes"
"541","December",2010,"Cataluña","Partner","41-50 years","31-40 years","No","Yes"
"542","December",2010,"Comunidad Valenciana","Ex-partner","21-30 years","21-30 years","Yes","No"
"543","December",2010,"Extremadura","Partner","41-50 years","51-64 years","Yes","Yes"
"544","December",2010,"Comunidad de Madrid","Partner","31-40 years","41-50 years","No","Yes"
"545","December",2010,"País Vasco","Ex-partner","21-30 years","21-30 years","Yes","No"
"546","January",2011,"Andalucía","Partner","21-30 years","31-40 years","No","Yes"
"547","January",2011,"Andalucía","Partner","41-50 years","41-50 years","Yes","No"
"548","January",2011,"Islas Baleares","Partner","65-74 years",">85 years","No","Yes"
"549","January",2011,"Canarias","Partner","51-64 years","41-50 years","No","Yes"
"550","January",2011,"Castilla y León","Partner","41-50 years","51-64 years","No","Yes"
"551","January",2011,"Castilla - La Mancha","Partner","41-50 years","41-50 years","No","Yes"
"552","January",2011,"Comunidad de Madrid","Partner","51-64 years","41-50 years","No","Yes"
"553","January",2011,"Región de Murcia","Partner","31-40 years","51-64 years","No","Yes"
"554","February",2011,"Andalucía","Partner","41-50 years","31-40 years","No","Yes"
"555","February",2011,"Andalucía","Partner","31-40 years","41-50 years","Yes","No"
"556","February",2011,"Cataluña","Ex-partner","21-30 years","21-30 years","No","No"
"557","February",2011,"Cataluña","Partner","41-50 years","31-40 years","Yes","Yes"
"558","February",2011,"Comunidad Valenciana","Partner","31-40 years","65-74 years","No","Yes"
"559","March",2011,"Andalucía","Partner","51-64 years","51-64 years","No","Yes"
"560","March",2011,"Andalucía","Ex-partner","41-50 years","41-50 years","Yes","No"
"561","March",2011,"Comunidad de Madrid","Partner","51-64 years","51-64 years","Yes","No"
"562","April",2011,"Comunidad Valenciana","Partner","21-30 years","41-50 years","No","Yes"
"563","April",2011,"Comunidad de Madrid","Partner","18-20 years","21-30 years","No","Yes"
"564","April",2011,"Comunidad Foral de Navarra","Ex-partner","21-30 years","21-30 years","No","No"
"565","May",2011,"Andalucía","Ex-partner","21-30 years","41-50 years","No","No"
"566","May",2011,"Andalucía","Partner","21-30 years","31-40 years","No","No"
"567","May",2011,"Andalucía","Partner","21-30 years","21-30 years","No","Yes"
"568","May",2011,"Cataluña","Partner","31-40 years","41-50 years","No","Yes"
"569","May",2011,"Cataluña","Ex-partner","65-74 years","75-84 years","Yes","No"
"570","May",2011,"Galicia","Ex-partner","18-20 years","21-30 years","No","No"
"571","May",2011,"Comunidad de Madrid","Ex-partner","41-50 years","41-50 years","Yes","Yes"
"572","May",2011,"Comunidad de Madrid","Partner","41-50 years","31-40 years","No","Yes"
"573","June",2011,"Principado de Asturias","Partner","51-64 years","65-74 years","No","Yes"
"574","June",2011,"Comunidad Valenciana","Partner","75-84 years","75-84 years","No","Yes"
"575","July",2011,"Andalucía","Partner","18-20 years","21-30 years","No","No"
"576","July",2011,"Aragón","Partner","21-30 years","21-30 years","No","Yes"
"577","July",2011,"Cataluña","Partner","21-30 years","21-30 years","Yes","Yes"
"578","July",2011,"Comunidad Valenciana","Partner","21-30 years","51-64 years","No","Yes"
"579","July",2011,"Comunidad Valenciana","Partner","21-30 years","31-40 years","Yes","Yes"
"580","July",2011,"Comunidad de Madrid","Partner","31-40 years","51-64 years","Yes","Yes"
"581","July",2011,"País Vasco","Ex-partner","51-64 years","41-50 years","Yes","No"
"582","August",2011,"Castilla y León","Partner","41-50 years","51-64 years","No","No"
"583","August",2011,"Comunidad de Madrid","Partner","65-74 years","65-74 years","No","Yes"
"584","August",2011,"Región de Murcia","Partner","65-74 years","75-84 years","No","Yes"
"585","August",2011,"País Vasco","Partner","31-40 years","31-40 years","Yes","No"
"586","September",2011,"Andalucía","Partner","31-40 years","41-50 years","No","Yes"
"587","September",2011,"Andalucía","Partner","65-74 years","65-74 years","No","Yes"
"588","September",2011,"Andalucía","Ex-partner","41-50 years","41-50 years","Yes","No"
"589","September",2011,"Canarias","Partner","31-40 years","51-64 years","No","Yes"
"590","September",2011,"Comunidad Valenciana","Partner","41-50 years","51-64 years","No","Yes"
"591","September",2011,"Comunidad Valenciana","Partner","31-40 years","51-64 years","Yes","No"
"592","October",2011,"Andalucía","Partner","51-64 years","51-64 years","No","Yes"
"593","October",2011,"Principado de Asturias","Partner","21-30 years","21-30 years","No","Yes"
"594","October",2011,"Canarias","Partner","31-40 years","31-40 years","No","Yes"
"595","October",2011,"Cataluña","Partner","31-40 years","41-50 years","No","Yes"
"596","October",2011,"Comunidad Valenciana","Partner","75-84 years","75-84 years","No","Yes"
"597","October",2011,"Galicia","Partner","31-40 years","41-50 years","No","No"
"598","November",2011,"Aragón","Partner","21-30 years","51-64 years","No","Yes"
"599","November",2011,"Cataluña","Partner","41-50 years","41-50 years","No","Yes"
"600","November",2011,"Cataluña","Partner","31-40 years","51-64 years","No","No"
"601","December",2011,"Andalucía","Partner","31-40 years","51-64 years","No","Yes"
"602","December",2011,"Andalucía","Ex-partner","21-30 years","31-40 years","Yes","No"
"603","December",2011,"Cataluña","Partner","51-64 years","51-64 years","No","Yes"
"604","December",2011,"Galicia","Ex-partner","31-40 years","31-40 years","No","No"
"605","December",2011,"Comunidad de Madrid","Ex-partner","51-64 years","41-50 years","No","No"
"606","December",2011,"Comunidad de Madrid","Partner","31-40 years","31-40 years","No","Yes"
"607","January",2012,"Andalucía","Ex-partner","41-50 years","51-64 years","No","No"
"608","January",2012,"Cataluña","Partner","51-64 years","21-30 years","No","Yes"
"609","January",2012,"Cataluña","Partner","51-64 years","51-64 years","No","Yes"
"610","January",2012,"Cataluña","Partner","51-64 years","65-74 years","No","Yes"
"611","January",2012,"Cataluña","Partner","21-30 years","31-40 years","No","Yes"
"612","January",2012,"Cataluña","Partner","31-40 years","31-40 years","No","Yes"
"613","January",2012,"Cataluña","Partner","41-50 years","51-64 years","No","Yes"
"614","January",2012,"Extremadura","Partner","75-84 years","75-84 years","No","Yes"
"615","February",2012,"Comunidad Valenciana","Partner","41-50 years","41-50 years","No","No"
"616","February",2012,"Comunidad de Madrid","Partner","41-50 years","31-40 years","No","No"
"617","March",2012,"Galicia","Partner","65-74 years","75-84 years","No","Yes"
"618","March",2012,"País Vasco","Partner","31-40 years","21-30 years","No","Yes"
"619","April",2012,"Andalucía","Partner","21-30 years","18-20 years","No","Yes"
"620","April",2012,"Andalucía","Partner","51-64 years","51-64 years","No","Yes"
"621","April",2012,"Canarias","Partner","21-30 years","31-40 years","No","No"
"622","April",2012,"Comunidad de Madrid","Partner","65-74 years",">85 years","No","Yes"
"623","May",2012,"Andalucía","Partner","75-84 years","75-84 years","No","Yes"
"624","May",2012,"Castilla - La Mancha","Partner","41-50 years","41-50 years","No","Yes"
"625","May",2012,"Comunidad Valenciana","Partner","21-30 years","51-64 years","No","Yes"
"626","June",2012,"Andalucía","Partner","65-74 years","75-84 years","No","Yes"
"627","June",2012,"Aragón","Partner","21-30 years","41-50 years","No","Yes"
"628","June",2012,"Principado de Asturias","Partner","51-64 years","65-74 years","No","Yes"
"629","June",2012,"Islas Baleares","Partner","51-64 years","51-64 years","Yes","Yes"
"630","June",2012,"Cataluña","Partner","65-74 years","65-74 years","No","Yes"
"631","June",2012,"Cataluña","Partner","21-30 years","21-30 years","Yes","Yes"
"632","June",2012,"Cataluña","Partner","21-30 years","31-40 years","Yes","Yes"
"633","June",2012,"Comunidad Valenciana","Partner","21-30 years","31-40 years","Yes","Yes"
"634","June",2012,"Comunidad Valenciana","Partner","31-40 years","41-50 years","Yes","Yes"
"635","June",2012,"Galicia","Ex-partner","21-30 years","31-40 years","Yes","No"
"636","July",2012,"Canarias","Ex-partner","41-50 years","41-50 years","Yes","No"
"637","July",2012,"Comunidad Valenciana","Partner","51-64 years","51-64 years","No","Yes"
"638","July",2012,"Comunidad de Madrid","Partner","51-64 years","31-40 years","No","Yes"
"639","August",2012,"Castilla - La Mancha","Partner","21-30 years","31-40 years","No","No"
"640","August",2012,"Comunidad de Madrid","Partner","31-40 years","41-50 years","No","Yes"
"641","September",2012,"Cataluña","Partner","31-40 years","31-40 years","No","No"
"642","September",2012,"Comunidad Valenciana","Partner","31-40 years","31-40 years","No","No"
"643","October",2012,"Andalucía","Partner","21-30 years","21-30 years","No","Yes"
"644","October",2012,"Andalucía","Partner","41-50 years","41-50 years","No","Yes"
"645","October",2012,"Islas Baleares","Partner","65-74 years","51-64 years","No","Yes"
"646","October",2012,"Castilla y León","Ex-partner","21-30 years","31-40 years","No","No"
"647","October",2012,"Castilla - La Mancha","Ex-partner","<16 years","31-40 years","No","No"
"648","October",2012,"Castilla - La Mancha","Ex-partner","31-40 years","31-40 years","Yes","No"
"649","October",2012,"Cataluña","Partner","65-74 years","75-84 years","No","Yes"
"650","November",2012,"Andalucía","Partner","75-84 years","75-84 years","No","Yes"
"651","November",2012,"Castilla y León","Partner","41-50 years","51-64 years","No","Yes"
"652","November",2012,"Galicia","Partner","51-64 years","65-74 years","Yes","Yes"
"653","November",2012,"Comunidad de Madrid","Partner","18-20 years","21-30 years","No","Yes"
"654","November",2012,"Comunidad de Madrid","Partner","21-30 years","31-40 years","No","Yes"
"655","November",2012,"País Vasco","Partner","65-74 years","65-74 years","No","Yes"
"656","December",2012,"Cataluña","Ex-partner","41-50 years","41-50 years","No","No"
"657","December",2012,"Cataluña","Partner","75-84 years","75-84 years","No","Yes"
"658","December",2012,"Galicia","Ex-partner","41-50 years","41-50 years","Yes","No"
"659","January",2013,"Castilla - La Mancha","Partner","21-30 years","51-64 years","No","Yes"
"660","January",2013,"Comunidad Valenciana","Ex-partner","31-40 years","41-50 years","No","No"
"661","January",2013,"Comunidad Valenciana","Ex-partner","31-40 years","31-40 years","No","No"
"662","January",2013,"Comunidad de Madrid","Partner","31-40 years","41-50 years","No","Yes"
"663","February",2013,"Aragón","Partner","31-40 years","31-40 years","No","Yes"
"664","February",2013,"Islas Baleares","Ex-partner","41-50 years","41-50 years","No","No"
"665","February",2013,"Canarias","Ex-partner","31-40 years","41-50 years","No","No"
"666","February",2013,"Castilla - La Mancha","Ex-partner","21-30 years","31-40 years","Yes","No"
"667","March",2013,"Andalucía","Partner","41-50 years","41-50 years","Yes","Yes"
"668","March",2013,"Islas Baleares","Partner","31-40 years","31-40 years","No","Yes"
"669","March",2013,"Cataluña","Ex-partner","31-40 years","31-40 years","No","No"
"670","March",2013,"Comunidad Valenciana","Partner","41-50 years","41-50 years","No","Yes"
"671","March",2013,"Comunidad Valenciana","Partner","31-40 years","41-50 years","Yes","Yes"
"672","March",2013,"Galicia","Partner","31-40 years","41-50 years","No","Yes"
"673","March",2013,"Comunidad de Madrid","Partner","31-40 years","31-40 years","No","Yes"
"674","March",2013,"Comunidad de Madrid","Partner","65-74 years","65-74 years","No","Yes"
"675","April",2013,"Andalucía","Partner","65-74 years","75-84 years","No","Yes"
"676","April",2013,"Aragón","Partner","41-50 years","51-64 years","No","Yes"
"677","April",2013,"Castilla y León","Partner","51-64 years","65-74 years","No","Yes"
"678","April",2013,"Cataluña","Partner","21-30 years","31-40 years","Yes","Yes"
"679","April",2013,"Comunidad de Madrid","Partner","31-40 years","41-50 years","No","Yes"
"680","April",2013,"Comunidad de Madrid","Partner","65-74 years","75-84 years","No","Yes"
"681","May",2013,"Andalucía","Partner","51-64 years","51-64 years","No","Yes"
"682","May",2013,"Andalucía","Ex-partner","51-64 years","41-50 years","No","No"
"683","May",2013,"Cantabria","Ex-partner","21-30 years","31-40 years","Yes","No"
"684","May",2013,"Castilla y León","Partner","18-20 years","21-30 years","No","No"
"685","May",2013,"Comunidad de Madrid","Partner","31-40 years","21-30 years","No","No"
"686","May",2013,"País Vasco","Partner","21-30 years","41-50 years","No","Yes"
"687","June",2013,"Andalucía","Ex-partner","21-30 years","21-30 years","No","No"
"688","June",2013,"Andalucía","Partner","75-84 years","75-84 years","No","Yes"
"689","July",2013,"Andalucía","Ex-partner","21-30 years","31-40 years","No","No"
"690","July",2013,"Canarias","Partner","31-40 years","21-30 years","No","No"
"691","August",2013,"Principado de Asturias","Partner","75-84 years",">85 years","No","Yes"
"692","August",2013,"Extremadura","Partner","65-74 years","75-84 years","Yes","No"
"693","September",2013,"Andalucía","Ex-partner","21-30 years","31-40 years","No","No"
"694","September",2013,"Castilla y León","Partner","21-30 years","21-30 years","No","Yes"
"695","September",2013,"Castilla y León","Partner","41-50 years","41-50 years","No","No"
"696","September",2013,"Castilla - La Mancha","Partner","31-40 years","31-40 years","No","Yes"
"697","September",2013,"Comunidad Valenciana","Partner","41-50 years","41-50 years","No","Yes"
"698","September",2013,"Galicia","Ex-partner","51-64 years","65-74 years","Yes","No"
"699","September",2013,"Comunidad de Madrid","Partner","31-40 years","41-50 years","No","Yes"
"700","September",2013,"Comunidad de Madrid","Partner","41-50 years","31-40 years","No","Yes"
"701","October",2013,"Andalucía","Ex-partner","21-30 years","31-40 years","No","No"
"702","October",2013,"Cataluña","Ex-partner","<16 years","18-20 years","No","No"
"703","October",2013,"Comunidad Valenciana","Partner","21-30 years","31-40 years","No","Yes"
"704","October",2013,"Comunidad Valenciana","Partner","51-64 years","51-64 years","No","Yes"
"705","October",2013,"Comunidad Valenciana","Partner","41-50 years","41-50 years","Yes","Yes"
"706","November",2013,"Andalucía","Ex-partner","31-40 years","41-50 years","Yes","No"
"707","November",2013,"Andalucía","Ex-partner","65-74 years","65-74 years","No","No"
"708","November",2013,"Castilla - La Mancha","Partner","31-40 years","41-50 years","No","Yes"
"709","November",2013,"Comunidad Valenciana","Ex-partner","21-30 years","31-40 years","No","No"
"710","November",2013,"Comunidad de Madrid","Ex-partner","41-50 years","31-40 years","Yes","No"
"711","December",2013,"Cataluña","Ex-partner","31-40 years","31-40 years","Yes","No"
"712","December",2013,"Galicia","Partner","41-50 years","31-40 years","No","Yes"
"713","January",2014,"Andalucía","Partner","41-50 years","31-40 years","No","Yes"
"714","January",2014,"Canarias","Partner","31-40 years","31-40 years","No","Yes"
"715","January",2014,"Cataluña","Partner","41-50 years","41-50 years","Yes","Yes"
"716","January",2014,"Cataluña","Partner","51-64 years","51-64 years","Yes","Yes"
"717","January",2014,"Comunidad Valenciana","Partner","51-64 years","51-64 years","Yes","Yes"
"718","January",2014,"Galicia","Partner","41-50 years","51-64 years","No","Yes"
"719","January",2014,"Comunidad de Madrid","Partner","21-30 years","18-20 years","No","No"
"720","February",2014,"Cataluña","Partner","41-50 years","41-50 years","Yes","Yes"
"721","February",2014,"Cataluña","Partner","75-84 years","75-84 years","No","Yes"
"722","February",2014,"Comunidad Valenciana","Partner","51-64 years","21-30 years","No","Yes"
"723","February",2014,"Galicia","Partner","31-40 years","41-50 years","Yes","No"
"724","February",2014,"Comunidad de Madrid","Ex-partner","41-50 years","31-40 years","No","No"
"725","March",2014,"Andalucía","Partner","75-84 years","75-84 years","No","Yes"
"726","March",2014,"Andalucía","Ex-partner","41-50 years","41-50 years","No","No"
"727","March",2014,"Islas Baleares","Partner","31-40 years","21-30 years","No","Yes"
"728","March",2014,"Castilla y León","Ex-partner","31-40 years","31-40 years","No","No"
"729","March",2014,"Cataluña","Partner","51-64 years","51-64 years","Yes","No"
"730","March",2014,"Comunidad de Madrid","Ex-partner","41-50 years","41-50 years","No","No"
"731","March",2014,"País Vasco","Ex-partner","31-40 years","31-40 years","No","No"
"732","March",2014,"Melilla","Partner","51-64 years","65-74 years","No","Yes"
"733","April",2014,"Andalucía","Partner","41-50 years","41-50 years","No","Yes"
"734","April",2014,"Cataluña","Partner","75-84 years","75-84 years","No","Yes"
"735","April",2014,"Galicia","Partner","41-50 years","41-50 years","Yes","Yes"
"736","April",2014,"Galicia","Partner","65-74 years","65-74 years","No","Yes"
"737","May",2014,"Andalucía","Partner","31-40 years","31-40 years","No","Yes"
"738","May",2014,"Comunidad de Madrid","Partner","21-30 years","31-40 years","Yes","No"
"739","June",2014,"Andalucía","Partner","51-64 years","51-64 years","No","Yes"
"740","June",2014,"Islas Baleares","Partner","41-50 years","41-50 years","No","No"
"741","June",2014,"Castilla y León","Partner","51-64 years","51-64 years","Yes","No"
"742","July",2014,"Andalucía","Ex-partner","21-30 years","21-30 years","Yes","No"
"743","July",2014,"Islas Baleares","Partner","41-50 years","51-64 years","No","No"
"744","July",2014,"Galicia","Partner","75-84 years","75-84 years","No","Yes"
"745","August",2014,"Andalucía","Ex-partner","41-50 years","31-40 years","Yes","No"
"746","August",2014,"Andalucía","Partner","31-40 years","31-40 years","No","Yes"
"747","August",2014,"Cataluña","Partner","41-50 years","41-50 years","No","Yes"
"748","August",2014,"Cataluña","Partner","41-50 years","65-74 years","No","Yes"
"749","August",2014,"Comunidad Valenciana","Partner","31-40 years","31-40 years","No","Yes"
"750","August",2014,"Comunidad Valenciana","Partner",">85 years",">85 years","No","Yes"
"751","August",2014,"Galicia","Partner","31-40 years","41-50 years","No","Yes"
"752","August",2014,"Comunidad de Madrid","Partner","31-40 years","51-64 years","No","Yes"
"753","September",2014,"Andalucía","Partner","51-64 years","51-64 years","No","Yes"
"754","September",2014,"Comunidad Valenciana","Partner","75-84 years","65-74 years","No","Yes"
"755","October",2014,"Cataluña","Partner","21-30 years","41-50 years","Yes","Yes"
"756","October",2014,"Comunidad Valenciana","Partner","41-50 years","41-50 years","No","Yes"
"757","November",2014,"Cataluña","Ex-partner","41-50 years","41-50 years","Yes","No"
"758","November",2014,"Cataluña","Partner","31-40 years","31-40 years","No","Yes"
"759","November",2014,"Cataluña","Partner","31-40 years","51-64 years","Yes","Yes"
"760","November",2014,"Comunidad de Madrid","Partner","31-40 years","31-40 years","Yes","Yes"
"761","November",2014,"País Vasco","Ex-partner","41-50 years","41-50 years","No","No"
"762","December",2014,"Castilla y León","Partner","31-40 years","41-50 years","Yes","Yes"
"763","December",2014,"Comunidad Valenciana","Partner","31-40 years","31-40 years","No","Yes"
"764","December",2014,"Comunidad de Madrid","Ex-partner","31-40 years","51-64 years","No","No"
"765","December",2014,"País Vasco","Partner","51-64 years","51-64 years","No","Yes"
"766","December",2014,"Melilla","Ex-partner","18-20 years","31-40 years","Yes","No"
"767","January",2015,"Cataluña","Partner","31-40 years","41-50 years","No","Yes"
"768","January",2015,"Comunidad Valenciana","Partner","65-74 years","51-64 years","No","Yes"
"769","January",2015,"Comunidad Valenciana","Partner","65-74 years","65-74 years","Yes","No"
"770","February",2015,"Andalucía","Partner","31-40 years","51-64 years","No","Yes"
"771","February",2015,"Comunidad Valenciana","Ex-partner","31-40 years","41-50 years","No","No"
"772","March",2015,"Andalucía","Partner","21-30 years","41-50 years","No","Yes"
"773","March",2015,"Cataluña","Partner","21-30 years","31-40 years","No","Yes"
"774","March",2015,"Comunidad Valenciana","Partner","41-50 years","31-40 years","No","Yes"
"775","March",2015,"Extremadura","Partner","21-30 years","21-30 years","No","Yes"
"776","April",2015,"País Vasco","Partner","21-30 years","31-40 years","No","Yes"
"777","May",2015,"Andalucía","Partner","41-50 years","41-50 years","No","Yes"
"778","May",2015,"Comunidad Valenciana","Ex-partner","41-50 years","41-50 years","Yes","No"
"779","May",2015,"Galicia","Partner","65-74 years","75-84 years","No","Yes"
"780","May",2015,"Comunidad de Madrid","Partner","41-50 years","41-50 years","No","Yes"
"781","June",2015,"Andalucía","Partner","41-50 years","51-64 years","Yes","Yes"
"782","June",2015,"Andalucía","Partner","31-40 years","51-64 years","No","No"
"783","June",2015,"Cantabria","Partner","31-40 years","41-50 years","No","Yes"
"784","June",2015,"Castilla y León","Partner","31-40 years","31-40 years","No","Yes"
"785","June",2015,"Cataluña","Partner","41-50 years","41-50 years","No","Yes"
"786","July",2015,"Andalucía","Partner","51-64 years","51-64 years","Yes","Yes"
"787","July",2015,"Principado de Asturias","Partner","65-74 years","65-74 years","No","Yes"
"788","July",2015,"Principado de Asturias","Ex-partner","41-50 years","31-40 years","No","No"
"789","July",2015,"Islas Baleares","Ex-partner","31-40 years","31-40 years","No","No"
"790","July",2015,"Canarias","Ex-partner","21-30 years","31-40 years","No","No"
"791","July",2015,"Cataluña","Partner","31-40 years","41-50 years","No","Yes"
"792","July",2015,"Comunidad Valenciana","Partner","41-50 years","41-50 years","No","Yes"
"793","July",2015,"Galicia","Ex-partner","21-30 years","31-40 years","No","No"
"794","July",2015,"Comunidad de Madrid","Ex-partner","21-30 years","21-30 years","No","No"
"795","August",2015,"Andalucía","Partner","65-74 years","65-74 years","No","Yes"
"796","August",2015,"Andalucía","Partner","41-50 years","51-64 years","No","No"
"797","August",2015,"Castilla - La Mancha","Ex-partner","21-30 years","21-30 years","No","No"
"798","August",2015,"Cataluña","Partner","41-50 years","41-50 years","No","Yes"
"799","August",2015,"Cataluña","Partner","41-50 years","51-64 years","No","No"
"800","August",2015,"País Vasco","In separation process","31-40 years","31-40 years","No","No"
"801","September",2015,"Comunidad Valenciana","Partner","41-50 years","41-50 years","No","No"
"802","September",2015,"Galicia","Partner","41-50 years","31-40 years","No","No"
"803","October",2015,"Canarias","Ex-partner","31-40 years","31-40 years","Yes","No"
"804","October",2015,"Castilla y León","Partner","31-40 years","41-50 years","No","Yes"
"805","October",2015,"Galicia","Ex-partner","31-40 years","31-40 years","No","No"
"806","October",2015,"Galicia","Partner","31-40 years","51-64 years","Yes","Yes"
"807","October",2015,"Galicia","Partner","65-74 years","51-64 years","No","Yes"
"808","October",2015,"Región de Murcia","Partner","21-30 years","31-40 years","Yes","Yes"
"809","October",2015,"País Vasco","Partner","31-40 years","31-40 years","No","No"
"810","November",2015,"Comunidad Valenciana","Partner","41-50 years","41-50 years","No","Yes"
"811","November",2015,"Andalucía","Partner","21-30 years","51-64 years","No","No"
"812","November",2015,"Principado de Asturias","Partner","65-74 years","51-64 years","No","Yes"
"813","November",2015,"Comunidad Valenciana","Ex-partner","41-50 years","41-50 years","Yes","No"
"814","November",2015,"Andalucía","Partner","41-50 years","41-50 years","No","Yes"
"815","November",2015,"Andalucía","Partner","41-50 years","51-64 years","No","Yes"
"816","November",2015,"Comunidad de Madrid","Partner","31-40 years","31-40 years","Yes","Yes"
"817","December",2015,"Andalucía","Partner","51-64 years","51-64 years","No","Yes"
"818","December",2015,"Andalucía","Partner","31-40 years","31-40 years","Yes","No"
"819","December",2015,"Aragón","Partner","41-50 years","41-50 years","No","Yes"
"820","December",2015,"Canarias","Partner","21-30 years","31-40 years","Yes","Yes"
"821","December",2015,"Comunidad Valenciana","Partner","31-40 years","31-40 years","No","Yes"
"822","December",2015,"Galicia","Partner","65-74 years","65-74 years","Yes","Yes"
"823","December",2015,"Comunidad de Madrid","Ex-partner","41-50 years","41-50 years","Yes","No"
"824","December",2015,"Galicia","Partner","75-84 years","75-84 years","Yes","Yes"
"825","December",2015,"Andalucía","Partner","21-30 years","51-64 years","No","Yes"
"826","January",2016,"Principado de Asturias","Partner","41-50 years","41-50 years","No","Yes"
"827","January",2016,"Illes Balears","Partner","41-50 years","41-50 years","No","Yes"
"828","January",2016,"Castilla - La Mancha","Partner","31-40 years","31-40 years","No","Yes"
"829","January",2016,"Castilla - La Mancha","Partner","51-64 years","51-64 years","No","Yes"
"830","January",2016,"Cataluña","In separation process","41-50 years","51-64 years","No","Yes"
"831","January",2016,"Comunitat Valenciana","Partner","65-74 years","75-84 years","No","Yes"
"832","January",2016,"Extremadura","Ex-partner","21-30 years","21-30 years","Yes","No"
"833","January",2016,"Comunidad de Madrid","In separation process","41-50 years","31-40 years","Yes","Yes"
"834","February",2016,"Aragón","Ex-partner","31-40 years","41-50 years","Yes","No"
"835","February",2016,"Comunitat Valenciana","Partner","65-74 years","75-84 years","No","Yes"
"836","February",2016,"Galicia","In separation process","31-40 years","21-30 years","No","No"
"837","March",2016,"Principado de Asturias","Partner","31-40 years","41-50 years","Yes","Yes"
"838","March",2016,"Illes Balears","Partner","18-20 years","21-30 years","Yes","No"
"839","April",2016,"Castilla y León","Partner","41-50 years","31-40 years","Yes","Yes"
"840","April",2016,"Cataluña","Ex-partner","31-40 years","41-50 years","No","No"
"841","April",2016,"Comunitat Valenciana","Partner","41-50 years","41-50 years","Yes","Yes"
"842","May",2016,"Aragón","Partner","65-74 years","65-74 years","No","Yes"
"843","May",2016,"Illes Balears","Partner","41-50 years","51-64 years","No","Yes"
"844","May",2016,"Canarias","Partner","51-64 years","65-74 years","Yes","Yes"
"845","June",2016,"Andalucía","In separation process","31-40 years","31-40 years","No","No"
"846","June",2016,"Cataluña","Partner","31-40 years","51-64 years","No","Yes"
"847","July",2016,"Andalucía","Ex-partner","41-50 years","41-50 years","Yes","No"
"848","July",2016,"Aragón","In separation process","21-30 years","31-40 years","Yes","No"
"849","July",2016,"Castilla y León","In separation process","41-50 years","51-64 years","No","No"
"850","July",2016,"Comunitat Valenciana","In separation process","41-50 years","31-40 years","No","Yes"
"851","July",2016,"País Vasco","Partner","51-64 years","41-50 years","Yes","Yes"
"852","July",2016,"Melilla","Ex-partner","21-30 years","31-40 years","Yes","No"
"853","August",2016,"Illes Balears","In separation process","31-40 years","31-40 years","No","Yes"
"855","August",2016,"Comunitat Valenciana","Partner","31-40 years","31-40 years","No","Yes"
"856","September",2016,"Illes Balears","In separation process","31-40 years","21-30 years","No","Yes"
"857","September",2016,"Cataluña","Partner","31-40 years","41-50 years","No","Yes"
"858","October",2016,"Andalucía","In separation process","21-30 years","41-50 years","Yes","No"
"859","October",2016,"Castilla y León","In separation process","31-40 years","31-40 years","No","Yes"
"860","October",2016,"Castilla y León","In separation process","51-64 years","51-64 years","Yes","Yes"
"861","October",2016,"Comunitat Valenciana","Partner","75-84 years","75-84 years","No","Yes"
"862","November",2016,"Illes Balears","Partner","51-64 years","41-50 years","No","Yes"
"863","November",2016,"Castilla y León","Ex-partner","41-50 years","51-64 years","No","No"
"864","November",2016,"Castilla y León","In separation process","51-64 years","51-64 years","Yes","Yes"
"865","November",2016,"Comunidad de Madrid","Partner","21-30 years","21-30 years","No","No"
"866","December",2016,"Cataluña","In separation process","51-64 years","65-74 years","No","Yes"
"867","December",2016,"Cataluña","Partner","41-50 years","41-50 years","No","Yes"
"868","December",2016,"Galicia","Ex-partner","21-30 years","31-40 years","No","Yes"
"869","December",2016,"Galicia","In separation process","21-30 years","31-40 years","No","No"
"870","January",2017,"Andalucía","Ex-partner","31-40 years","21-30 years","No","No"
"871","January",2017,"Castilla - La Mancha","Partner","31-40 years","41-50 years","Yes","Yes"
"872","January",2017,"Galicia","Partner","51-64 years","51-64 years","No","Yes"
"873","January",2017,"Comunidad de Madrid","Ex-partner","31-40 years","18-20 years","Yes","No"
"874","January",2017,"Comunidad de Madrid","In separation process","21-30 years","21-30 years","No","Yes"
"875","January",2017,"Comunidad Foral de Navarra","Partner","41-50 years","41-50 years","No","Yes"
"876","February",2017,"Castilla - La Mancha","Partner","41-50 years","51-64 years","No","Unknown"
"877","February",2017,"Castilla - La Mancha","Partner","21-30 years","31-40 years","No","Yes"
"878","February",2017,"Castilla - La Mancha","Partner","31-40 years","41-50 years","No","Yes"
"879","February",2017,"Cataluña","Partner","75-84 years","75-84 years","No","Yes"
"880","February",2017,"Cataluña","In separation process","31-40 years","51-64 years","Yes","No"
"881","February",2017,"Comunitat Valenciana","Partner","75-84 years",">85 years","No","Yes"
"882","February",2017,"Comunitat Valenciana","Ex-partner","41-50 years","31-40 years","Yes","No"
"883","February",2017,"Comunitat Valenciana","Partner","41-50 years","51-64 years","No","No"
"884","February",2017,"Extremadura","Partner",">85 years",">85 years","No","Yes"
"885","March",2017,"Canarias","Partner","21-30 years","31-40 years","No","Yes"
"886","March",2017,"Castilla - La Mancha","Partner","41-50 years","41-50 years","No","Yes"
"887","March",2017,"Comunidad de Madrid","Partner","31-40 years","31-40 years","No","Yes"
"888","April",2017,"Andalucía","Ex-partner","21-30 years","21-30 years","No","No"
"889","April",2017,"Andalucía","In separation process","31-40 years","31-40 years","No","Yes"
"890","April",2017,"Canarias","In separation process","41-50 years","31-40 years","No","No"
"891","April",2017,"Cataluña","Partner","41-50 years","31-40 years","No","Yes"
"892","May",2017,"Comunidad de Madrid","Partner","31-40 years","41-50 years","No","Yes"
"893","May",2017,"Comunidad de Madrid","Partner","41-50 years","31-40 years","No","Yes"
"894","May",2017,"Comunidad de Madrid","Partner","51-64 years","51-64 years","No","Yes"
"895","May",2017,"Comunidad de Madrid","In separation process","21-30 years","31-40 years","Yes","No"
"896","May",2017,"Región de Murcia","Partner","31-40 years","41-50 years","No","No"
"897","June",2017,"Andalucía","Partner","51-64 years","41-50 years","No","Yes"
"898","June",2017,"Andalucía","Ex-partner","31-40 years","51-64 years","Yes","No"
"899","June",2017,"Cataluña","In separation process","21-30 years","41-50 years","No","No"
"900","July",2017,"Andalucía","Partner","65-74 years","65-74 years","No","Yes"
